query_id,query,expected_document_ids,base_recall@5,base_hitrate@5,base_mrr@5,base_top5_document_ids,base_top5_chunk_ids,facet_count,facets,new_recall@5,new_hitrate@5,new_mrr@5,new_top5_document_ids,new_top5_chunk_ids,delta_recall,delta_hit,delta_mrr
real-cug-050,课程考核方式临时调整的话，老师需要提前告知学生吗？,doc-06,0.0,0.0,0.0,doc-09|doc-09|doc-09|doc-09|doc-09,v2-c-00523|v2-c-00498|v2-c-00522|v2-c-00500|v2-c-00517,1,查证当前学生问题对应的校方规则与办理依据；语境：课程考核方式临时调整的话，老师需要提前告知学生吗？,1.0,1.0,0.2,doc-09|doc-09|doc-09|doc-09|doc-06,v2-c-00523|v2-c-00498|v2-c-00522|v2-c-00500|v2-c-00325,1.0,1.0,0.2
real-cug-150,我的电动车违规被扣分了，参加交通志愿服务能不能减分？,doc-20,0.0,0.0,0.0,doc-47|doc-47|doc-47|doc-47|doc-47,v2-c-01410|v2-c-01415|v2-c-01412|v2-c-01419|v2-c-01417,2,校园电动自行车通行、充电与记分规则；语境：我的电动车违规被扣分了，参加交通志愿服务能不能减分？ || 志愿服务时长认定与相关规则；语境：我的电动车违规被扣分了，参加交通志愿服务能不能减分？,1.0,1.0,0.2,doc-47|doc-47|doc-47|doc-47|doc-20,v2-c-01410|v2-c-01415|v2-c-01412|v2-c-01419|v2-c-00777,1.0,1.0,0.2
real-cug-039,老师点名的时候让室友帮我答到，这算违纪吗？,doc-09|doc-10,0.0,0.0,0.0,doc-08|doc-08|doc-08|doc-08|doc-08,v2-c-00480|v2-c-00476|v2-c-00435|v2-c-00437|v2-c-00474,2,课堂出勤与课堂学习规范；语境：老师点名的时候让室友帮我答到，这算违纪吗？ || 学生纪律处分、影响与处理规则；语境：老师点名的时候让室友帮我答到，这算违纪吗？,0.5,1.0,0.2,doc-08|doc-08|doc-08|doc-08|doc-10,v2-c-00480|v2-c-00476|v2-c-00435|v2-c-00437|v2-c-00525,0.5,1.0,0.2
real-cug-024,我在外校交换学习期间修的课程，回校后怎么认定？,doc-04|doc-06,0.5,1.0,1.0,doc-06|doc-06|doc-06|doc-06|doc-06,v2-c-00305|v2-c-00346|v2-c-00345|v2-c-00301|v2-c-00348,1,查证当前学生问题对应的校方规则与办理依据；语境：我在外校交换学习期间修的课程，回校后怎么认定？,1.0,1.0,1.0,doc-06|doc-06|doc-06|doc-06|doc-04,v2-c-00305|v2-c-00346|v2-c-00345|v2-c-00301|v2-c-00236,0.5,0.0,0.0
real-cug-127,体育免修和体测免测是一回事吗？,doc-18|doc-06,0.5,1.0,1.0,doc-18|doc-18|doc-18|doc-18|doc-18,v2-c-00728|v2-c-00731|v2-c-00730|v2-c-00732|v2-c-00724,2,学生体质健康测试、免测与毕业相关规则；语境：体育免修和体测免测是一回事吗？ || 体育课程免修与课程修读规则；语境：体育免修和体测免测是一回事吗？,1.0,1.0,1.0,doc-18|doc-18|doc-18|doc-18|doc-06,v2-c-00728|v2-c-00731|v2-c-00730|v2-c-00732|v2-c-00301,0.5,0.0,0.0
real-cug-148,电动车电池拿回宿舍充电到底允不允许？,doc-20|doc-12|doc-08,0.3333333333333333,1.0,1.0,doc-20|doc-20|doc-20|doc-20|doc-20,v2-c-00780|v2-c-00781|v2-c-00772|v2-c-00778|v2-c-00784,2,学生宿舍住宿、安全与用电规则；语境：电动车电池拿回宿舍充电到底允不允许？ || 校园电动自行车通行、充电与记分规则；语境：电动车电池拿回宿舍充电到底允不允许？,0.6666666666666666,1.0,1.0,doc-20|doc-20|doc-20|doc-20|doc-12,v2-c-00780|v2-c-00781|v2-c-00772|v2-c-00778|v2-c-00539,0.3333333333333333,0.0,0.0
real-cug-200,我想从外校转入地大，之前的课程学分、学生档案和新学籍分别怎么处理？,doc-04|doc-06|doc-21,0.3333333333333333,1.0,1.0,doc-21|doc-21|doc-21|doc-21|doc-21,v2-c-00795|v2-c-00796|v2-c-00816|v2-c-00793|v2-c-00803,3,转学与学籍衔接规则；语境：我想从外校转入地大，之前的课程学分、学生档案和新学籍分别怎么处理？ || 课程学分与成绩认定规则；语境：我想从外校转入地大，之前的课程学分、学生档案和新学籍分别怎么处理？ || 学生人事档案转递与管理规则；语境：我想从外校转入地大，之前的课程学分、学生档案和新学籍分别怎么处理？,0.6666666666666666,1.0,1.0,doc-21|doc-21|doc-21|doc-21|doc-04,v2-c-00795|v2-c-00796|v2-c-00816|v2-c-00793|v2-c-00228,0.3333333333333333,0.0,0.0
real-cug-002,体检发现我现在身体不适合在校学习，但休养后能回来，这种能保留入学资格吗？,doc-04,1.0,1.0,1.0,doc-04|doc-04|doc-04|doc-04|doc-03,v2-c-00223|v2-c-00225|v2-c-00222|v2-c-00224|v2-c-00158,1,查证当前学生问题对应的校方规则与办理依据；语境：体检发现我现在身体不适合在校学习，但休养后能回来，这种能保留入学资格吗？,1.0,1.0,1.0,doc-04|doc-04|doc-04|doc-04|doc-03,v2-c-00223|v2-c-00225|v2-c-00222|v2-c-00224|v2-c-00158,0.0,0.0,0.0
real-cug-003,我之前因为身体原因保留了入学资格，现在准备回来，恢复入学要走什么手续？,doc-04,1.0,1.0,0.5,doc-03|doc-04|doc-04|doc-04|doc-03,v2-c-00159|v2-c-00223|v2-c-00224|v2-c-00222|v2-c-00158,1,查证当前学生问题对应的校方规则与办理依据；语境：我之前因为身体原因保留了入学资格，现在准备回来，恢复入学要走什么手续？,1.0,1.0,0.5,doc-03|doc-04|doc-04|doc-04|doc-03,v2-c-00159|v2-c-00223|v2-c-00224|v2-c-00222|v2-c-00158,0.0,0.0,0.0
real-cug-004,如果新生报到晚了很多天，又没有提前请假，会不会直接取消入学资格？,doc-04,1.0,1.0,0.5,doc-03|doc-04|doc-04|doc-04|doc-04,v2-c-00159|v2-c-00224|v2-c-00222|v2-c-00223|v2-c-00225,1,查证当前学生问题对应的校方规则与办理依据；语境：如果新生报到晚了很多天，又没有提前请假，会不会直接取消入学资格？,1.0,1.0,0.5,doc-03|doc-04|doc-04|doc-04|doc-04,v2-c-00159|v2-c-00224|v2-c-00222|v2-c-00223|v2-c-00225,0.0,0.0,0.0
real-cug-006,休学以后还能提前复学吗，还是必须等满一年？,doc-04,1.0,1.0,1.0,doc-04|doc-04|doc-04|doc-04|doc-04,v2-c-00247|v2-c-00245|v2-c-00249|v2-c-00246|v2-c-00251,2,休学条件、学籍状态与相关待遇规则；语境：休学以后还能提前复学吗，还是必须等满一年？ || 复学与恢复学籍规则；语境：休学以后还能提前复学吗，还是必须等满一年？,1.0,1.0,1.0,doc-04|doc-04|doc-04|doc-04|doc-04,v2-c-00247|v2-c-00245|v2-c-00249|v2-c-00246|v2-c-00250,0.0,0.0,0.0
real-cug-007,我休学快到期了，复学申请应该在什么时候办？,doc-04,1.0,1.0,1.0,doc-04|doc-04|doc-04|doc-04|doc-04,v2-c-00248|v2-c-00245|v2-c-00249|v2-c-00247|v2-c-00246,2,休学条件、学籍状态与相关待遇规则；语境：我休学快到期了，复学申请应该在什么时候办？ || 复学与恢复学籍规则；语境：我休学快到期了，复学申请应该在什么时候办？,1.0,1.0,1.0,doc-04|doc-04|doc-04|doc-04|doc-04,v2-c-00248|v2-c-00245|v2-c-00249|v2-c-00247|v2-c-00246,0.0,0.0,0.0
real-cug-008,休学期间我能不能回来跟着原班上课拿学分？,doc-04,1.0,1.0,1.0,doc-04|doc-04|doc-04|doc-04|doc-04,v2-c-00248|v2-c-00249|v2-c-00250|v2-c-00246|v2-c-00245,2,休学条件、学籍状态与相关待遇规则；语境：休学期间我能不能回来跟着原班上课拿学分？ || 课程学分与成绩认定规则；语境：休学期间我能不能回来跟着原班上课拿学分？,1.0,1.0,1.0,doc-04|doc-04|doc-04|doc-04|doc-03,v2-c-00248|v2-c-00249|v2-c-00250|v2-c-00246|v2-c-00166,0.0,0.0,0.0
real-cug-010,一个本科生最多能休学多长时间？,doc-04,1.0,1.0,1.0,doc-04|doc-04|doc-04|doc-04|doc-04,v2-c-00247|v2-c-00248|v2-c-00250|v2-c-00245|v2-c-00246,1,休学条件、学籍状态与相关待遇规则；语境：一个本科生最多能休学多长时间？,1.0,1.0,1.0,doc-04|doc-04|doc-04|doc-04|doc-04,v2-c-00247|v2-c-00248|v2-c-00250|v2-c-00245|v2-c-00246,0.0,0.0,0.0
real-cug-011,我想主动退学，退学手续和学籍处理大概怎么走？,doc-04,1.0,1.0,0.5,doc-03|doc-04|doc-03|doc-04|doc-04,v2-c-00178|v2-c-00226|v2-c-00177|v2-c-00227|v2-c-00225,1,查证当前学生问题对应的校方规则与办理依据；语境：我想主动退学，退学手续和学籍处理大概怎么走？,1.0,1.0,0.5,doc-03|doc-04|doc-03|doc-04|doc-04,v2-c-00178|v2-c-00226|v2-c-00177|v2-c-00227|v2-c-00225,0.0,0.0,0.0
real-cug-012,如果连续很久没参加学校教学活动，会不会被退学处理？,doc-04,1.0,1.0,0.3333333333333333,doc-03|doc-03|doc-04|doc-04|doc-04,v2-c-00156|v2-c-00177|v2-c-00252|v2-c-00237|v2-c-00238,1,查证当前学生问题对应的校方规则与办理依据；语境：如果连续很久没参加学校教学活动，会不会被退学处理？,1.0,1.0,0.3333333333333333,doc-03|doc-03|doc-04|doc-04|doc-04,v2-c-00156|v2-c-00177|v2-c-00252|v2-c-00237|v2-c-00238,0.0,0.0,0.0
real-cug-014,我课程都修完了，但是有些毕业条件没达到，是拿毕业证还是结业证？,doc-04,1.0,1.0,1.0,doc-04|doc-04|doc-04|doc-04|doc-04,v2-c-00263|v2-c-00256|v2-c-00258|v2-c-00262|v2-c-00260,1,毕业、结业与毕业资格规则；语境：我课程都修完了，但是有些毕业条件没达到，是拿毕业证还是结业证？,1.0,1.0,1.0,doc-04|doc-04|doc-04|doc-04|doc-04,v2-c-00263|v2-c-00256|v2-c-00258|v2-c-00262|v2-c-00260,0.0,0.0,0.0
real-cug-015,结业以后还能补修课程再换毕业证吗？,doc-04,1.0,1.0,1.0,doc-04|doc-04|doc-04|doc-04|doc-04,v2-c-00256|v2-c-00257|v2-c-00263|v2-c-00258|v2-c-00259,1,毕业、结业与毕业资格规则；语境：结业以后还能补修课程再换毕业证吗？,1.0,1.0,1.0,doc-04|doc-04|doc-04|doc-04|doc-04,v2-c-00256|v2-c-00257|v2-c-00263|v2-c-00258|v2-c-00259,0.0,0.0,0.0
real-cug-016,毕业资格一般是谁审核，学院还是学校？,doc-04,1.0,1.0,0.25,doc-41|doc-16|doc-39|doc-04|doc-16,v2-c-01308|v2-c-00661|v2-c-01281|v2-c-00255|v2-c-00666,1,毕业、结业与毕业资格规则；语境：毕业资格一般是谁审核，学院还是学校？,1.0,1.0,0.25,doc-41|doc-16|doc-39|doc-04|doc-16,v2-c-01308|v2-c-00661|v2-c-01281|v2-c-00255|v2-c-00666,0.0,0.0,0.0
real-cug-018,当兵休学回来以后，学籍怎么恢复？,doc-04|doc-42,0.5,1.0,1.0,doc-04|doc-04|doc-04|doc-04|doc-04,v2-c-00248|v2-c-00250|v2-c-00247|v2-c-00245|v2-c-00246,1,休学条件、学籍状态与相关待遇规则；语境：当兵休学回来以后，学籍怎么恢复？,0.5,1.0,1.0,doc-04|doc-04|doc-04|doc-04|doc-04,v2-c-00248|v2-c-00250|v2-c-00247|v2-c-00245|v2-c-00246,0.0,0.0,0.0
real-cug-019,转学进地大以后，之前学校修的课程学分能认吗？,doc-04|doc-06,0.5,1.0,1.0,doc-06|doc-06|doc-06|doc-06|doc-06,v2-c-00305|v2-c-00288|v2-c-00301|v2-c-00332|v2-c-00303,2,转学与学籍衔接规则；语境：转学进地大以后，之前学校修的课程学分能认吗？ || 课程学分与成绩认定规则；语境：转学进地大以后，之前学校修的课程学分能认吗？,0.5,1.0,1.0,doc-06|doc-06|doc-06|doc-06|doc-06,v2-c-00305|v2-c-00288|v2-c-00301|v2-c-00332|v2-c-00303,0.0,0.0,0.0
real-cug-020,我想从地大转到别的学校，学校对转学有什么限制？,doc-04,1.0,1.0,0.5,doc-03|doc-04|doc-04|doc-04|doc-03,v2-c-00172|v2-c-00240|v2-c-00244|v2-c-00241|v2-c-00173,1,转学与学籍衔接规则；语境：我想从地大转到别的学校，学校对转学有什么限制？,1.0,1.0,0.5,doc-03|doc-04|doc-04|doc-04|doc-03,v2-c-00172|v2-c-00240|v2-c-00244|v2-c-00241|v2-c-00173,0.0,0.0,0.0
real-cug-022,我现在大四但学分还差一点，能不能申请延毕？,doc-04,1.0,1.0,0.5,doc-06|doc-04|doc-06|doc-06|doc-06,v2-c-00373|v2-c-00228|v2-c-00346|v2-c-00325|v2-c-00347,1,课程学分与成绩认定规则；语境：我现在大四但学分还差一点，能不能申请延毕？,1.0,1.0,0.5,doc-06|doc-04|doc-06|doc-06|doc-06,v2-c-00373|v2-c-00228|v2-c-00346|v2-c-00325|v2-c-00347,0.0,0.0,0.0
real-cug-023,如果我被取消学籍，学校会给我什么证明材料吗？,doc-04,1.0,1.0,1.0,doc-04|doc-04|doc-04|doc-04|doc-04,v2-c-00221|v2-c-00226|v2-c-00224|v2-c-00222|v2-c-00250,1,查证当前学生问题对应的校方规则与办理依据；语境：如果我被取消学籍，学校会给我什么证明材料吗？,1.0,1.0,1.0,doc-04|doc-04|doc-04|doc-04|doc-04,v2-c-00221|v2-c-00226|v2-c-00224|v2-c-00222|v2-c-00250,0.0,0.0,0.0
real-cug-026,选课到底是先到先得还是有其他规则？,doc-06,1.0,1.0,1.0,doc-06|doc-06|doc-06|doc-06|doc-06,v2-c-00304|v2-c-00302|v2-c-00301|v2-c-00305|v2-c-00300,1,选课与课程修读规则；语境：选课到底是先到先得还是有其他规则？,1.0,1.0,1.0,doc-06|doc-06|doc-06|doc-06|doc-06,v2-c-00304|v2-c-00302|v2-c-00301|v2-c-00305|v2-c-00300,0.0,0.0,0.0
real-cug-027,我选完课以后发现时间冲突，还能退课或者换课吗？,doc-06,0.0,0.0,0.0,doc-23|doc-23|doc-23|doc-26|doc-26,v2-c-00866|v2-c-00851|v2-c-00868|v2-c-00965|v2-c-00963,1,查证当前学生问题对应的校方规则与办理依据；语境：我选完课以后发现时间冲突，还能退课或者换课吗？,0.0,0.0,0.0,doc-23|doc-23|doc-23|doc-26|doc-26,v2-c-00866|v2-c-00851|v2-c-00868|v2-c-00965|v2-c-00963,0.0,0.0,0.0
real-cug-028,一门课选的人太少会不会停开？停开后我怎么办？,doc-06,0.0,0.0,0.0,doc-23|doc-23|doc-23|doc-23|doc-23,v2-c-00885|v2-c-00881|v2-c-00866|v2-c-00879|v2-c-00869,1,查证当前学生问题对应的校方规则与办理依据；语境：一门课选的人太少会不会停开？停开后我怎么办？,0.0,0.0,0.0,doc-23|doc-23|doc-23|doc-23|doc-23,v2-c-00885|v2-c-00881|v2-c-00866|v2-c-00879|v2-c-00869,0.0,0.0,0.0
real-cug-030,课程没过，我是补考还是重修，学校怎么规定的？,doc-06,1.0,1.0,1.0,doc-06|doc-06|doc-03|doc-06|doc-03,v2-c-00301|v2-c-00302|v2-c-00163|v2-c-00305|v2-c-00166,2,课程重修规则；语境：课程没过，我是补考还是重修，学校怎么规定的？ || 补考资格、成绩与办理规则；语境：课程没过，我是补考还是重修，学校怎么规定的？,1.0,1.0,1.0,doc-06|doc-06|doc-03|doc-06|doc-03,v2-c-00301|v2-c-00302|v2-c-00163|v2-c-00305|v2-c-00166,0.0,0.0,0.0
real-cug-031,我对考试成绩有疑问，可以申请查分吗？流程是什么？,doc-06,0.0,0.0,0.0,doc-09|doc-09|doc-09|doc-09|doc-09,v2-c-00519|v2-c-00523|v2-c-00518|v2-c-00511|v2-c-00503,1,课程考核纪律与考试违规认定规则；语境：我对考试成绩有疑问，可以申请查分吗？流程是什么？,0.0,0.0,0.0,doc-09|doc-09|doc-09|doc-09|doc-09,v2-c-00519|v2-c-00523|v2-c-00518|v2-c-00511|v2-c-00503,0.0,0.0,0.0
real-cug-032,缓考要在考试前申请吗？临时生病来不及怎么办？,doc-06,0.0,0.0,0.0,doc-09|doc-09|doc-08|doc-08|doc-03,v2-c-00523|v2-c-00507|v2-c-00467|v2-c-00470|v2-c-00166,2,缓考申请、条件与成绩处理规则；语境：缓考要在考试前申请吗？临时生病来不及怎么办？ || 课程考核纪律与考试违规认定规则；语境：缓考要在考试前申请吗？临时生病来不及怎么办？,0.0,0.0,0.0,doc-09|doc-09|doc-08|doc-08|doc-03,v2-c-00523|v2-c-00507|v2-c-00467|v2-c-00470|v2-c-00166,0.0,0.0,0.0
real-cug-034,百分制成绩怎么换成绩点，85分大概是多少绩点？,doc-06,1.0,1.0,1.0,doc-06|doc-06|doc-06|doc-06|doc-06,v2-c-00313|v2-c-00310|v2-c-00316|v2-c-00312|v2-c-00318,1,查证当前学生问题对应的校方规则与办理依据；语境：百分制成绩怎么换成绩点，85分大概是多少绩点？,1.0,1.0,1.0,doc-06|doc-06|doc-06|doc-06|doc-06,v2-c-00313|v2-c-00310|v2-c-00316|v2-c-00312|v2-c-00318,0.0,0.0,0.0
real-cug-035,五级制的优秀良好中等等分别对应多少绩点？,doc-06,1.0,1.0,1.0,doc-06|doc-06|doc-06|doc-06|doc-06,v2-c-00323|v2-c-00324|v2-c-00320|v2-c-00321|v2-c-00322,1,查证当前学生问题对应的校方规则与办理依据；语境：五级制的优秀良好中等等分别对应多少绩点？,1.0,1.0,1.0,doc-06|doc-06|doc-06|doc-06|doc-06,v2-c-00323|v2-c-00324|v2-c-00320|v2-c-00321|v2-c-00322,0.0,0.0,0.0
real-cug-036,课程成绩一般由平时成绩和期末成绩怎么组成？,doc-06,1.0,1.0,1.0,doc-06|doc-06|doc-06|doc-06|doc-06,v2-c-00307|v2-c-00330|v2-c-00332|v2-c-00333|v2-c-00325,1,查证当前学生问题对应的校方规则与办理依据；语境：课程成绩一般由平时成绩和期末成绩怎么组成？,1.0,1.0,1.0,doc-06|doc-06|doc-06|doc-06|doc-06,v2-c-00307|v2-c-00330|v2-c-00332|v2-c-00333|v2-c-00325,0.0,0.0,0.0
real-cug-038,选了课但是一直不去上，最后会怎么处理？,doc-06|doc-10,0.0,0.0,0.0,doc-23|doc-17|doc-23|doc-23|doc-23,v2-c-00875|v2-c-00716|v2-c-00877|v2-c-00883|v2-c-00885,1,查证当前学生问题对应的校方规则与办理依据；语境：选了课但是一直不去上，最后会怎么处理？,0.0,0.0,0.0,doc-23|doc-17|doc-23|doc-23|doc-23,v2-c-00875|v2-c-00716|v2-c-00877|v2-c-00883|v2-c-00885,0.0,0.0,0.0
real-cug-040,考试带手机进考场但没用，会按作弊处理吗？,doc-09,1.0,1.0,1.0,doc-09|doc-09|doc-09|doc-09|doc-09,v2-c-00523|v2-c-00518|v2-c-00519|v2-c-00517|v2-c-00498,1,课程考核纪律与考试违规认定规则；语境：考试带手机进考场但没用，会按作弊处理吗？,1.0,1.0,1.0,doc-09|doc-09|doc-09|doc-09|doc-09,v2-c-00523|v2-c-00518|v2-c-00519|v2-c-00517|v2-c-00498,0.0,0.0,0.0
real-cug-042,我在课程作业里直接复制网上内容没标引用，这属于学术不规范吗？,doc-09,1.0,1.0,1.0,doc-09|doc-09|doc-09|doc-09|doc-09,v2-c-00517|v2-c-00518|v2-c-00516|v2-c-00521|v2-c-00519,1,查证当前学生问题对应的校方规则与办理依据；语境：我在课程作业里直接复制网上内容没标引用，这属于学术不规范吗？,1.0,1.0,1.0,doc-09|doc-09|doc-09|doc-09|doc-09,v2-c-00517|v2-c-00518|v2-c-00516|v2-c-00521|v2-c-00519,0.0,0.0,0.0
real-cug-043,小组作业里有同学抄袭，会不会整个组都算违规？,doc-09,0.0,0.0,0.0,doc-26|doc-17|doc-17|doc-26|doc-17,v2-c-00965|v2-c-00715|v2-c-00713|v2-c-00963|v2-c-00714,1,查证当前学生问题对应的校方规则与办理依据；语境：小组作业里有同学抄袭，会不会整个组都算违规？,0.0,0.0,0.0,doc-26|doc-17|doc-17|doc-26|doc-17,v2-c-00965|v2-c-00715|v2-c-00713|v2-c-00963|v2-c-00714,0.0,0.0,0.0
real-cug-044,课堂上长期迟到早退，学校规范里怎么要求的？,doc-10,1.0,1.0,1.0,doc-10|doc-10|doc-03|doc-04|doc-03,v2-c-00525|v2-c-00526|v2-c-00177|v2-c-00252|v2-c-00179,1,课堂出勤与课堂学习规范；语境：课堂上长期迟到早退，学校规范里怎么要求的？,1.0,1.0,1.0,doc-10|doc-10|doc-03|doc-04|doc-03,v2-c-00525|v2-c-00526|v2-c-00177|v2-c-00252|v2-c-00179,0.0,0.0,0.0
real-cug-046,我想提前修高年级课程，有没有课程修读方面的限制？,doc-06,1.0,1.0,1.0,doc-06|doc-06|doc-06|doc-06|doc-06,v2-c-00304|v2-c-00301|v2-c-00302|v2-c-00303|v2-c-00298,1,查证当前学生问题对应的校方规则与办理依据；语境：我想提前修高年级课程，有没有课程修读方面的限制？,1.0,1.0,1.0,doc-06|doc-06|doc-06|doc-06|doc-06,v2-c-00304|v2-c-00301|v2-c-00302|v2-c-00303|v2-c-00346,0.0,0.0,0.0
real-cug-047,毕业前发现一门必修课没修，能不能靠其他选修课学分顶掉？,doc-06|doc-04,0.5,1.0,1.0,doc-06|doc-06|doc-06|doc-06|doc-06,v2-c-00345|v2-c-00346|v2-c-00348|v2-c-00373|v2-c-00347,2,毕业、结业与毕业资格规则；语境：毕业前发现一门必修课没修，能不能靠其他选修课学分顶掉？ || 课程学分与成绩认定规则；语境：毕业前发现一门必修课没修，能不能靠其他选修课学分顶掉？,0.5,1.0,1.0,doc-06|doc-06|doc-06|doc-06|doc-06,v2-c-00345|v2-c-00346|v2-c-00348|v2-c-00373|v2-c-00347,0.0,0.0,0.0
real-cug-048,选课系统里课程容量满了，我还有没有别的处理方式？,doc-06,1.0,1.0,1.0,doc-06|doc-06|doc-06|doc-06|doc-06,v2-c-00293|v2-c-00292|v2-c-00291|v2-c-00295|v2-c-00334,1,选课与课程修读规则；语境：选课系统里课程容量满了，我还有没有别的处理方式？,1.0,1.0,1.0,doc-06|doc-06|doc-06|doc-06|doc-06,v2-c-00293|v2-c-00292|v2-c-00291|v2-c-00295|v2-c-00334,0.0,0.0,0.0
real-cug-051,我发烧想请两天假，本科生请假应该找谁批？,doc-11,1.0,1.0,1.0,doc-11|doc-11|doc-11|doc-11|doc-11,v2-c-00529|v2-c-00531|v2-c-00530|v2-c-00533|v2-c-00527,1,查证当前学生问题对应的校方规则与办理依据；语境：我发烧想请两天假，本科生请假应该找谁批？,1.0,1.0,1.0,doc-11|doc-11|doc-11|doc-11|doc-11,v2-c-00529|v2-c-00531|v2-c-00530|v2-c-00533|v2-c-00527,0.0,0.0,0.0
real-cug-052,请假三天和请假两周，审批权限是不是不一样？,doc-11,1.0,1.0,1.0,doc-11|doc-11|doc-11|doc-11|doc-11,v2-c-00529|v2-c-00531|v2-c-00530|v2-c-00528|v2-c-00533,1,查证当前学生问题对应的校方规则与办理依据；语境：请假三天和请假两周，审批权限是不是不一样？,1.0,1.0,1.0,doc-11|doc-11|doc-11|doc-11|doc-11,v2-c-00529|v2-c-00531|v2-c-00530|v2-c-00528|v2-c-00533,0.0,0.0,0.0
real-cug-054,临时有急事没来得及提前请假，能不能事后补假？,doc-11,1.0,1.0,1.0,doc-11|doc-11|doc-11|doc-11|doc-11,v2-c-00529|v2-c-00531|v2-c-00530|v2-c-00528|v2-c-00534,1,查证当前学生问题对应的校方规则与办理依据；语境：临时有急事没来得及提前请假，能不能事后补假？,1.0,1.0,1.0,doc-11|doc-11|doc-11|doc-11|doc-11,v2-c-00529|v2-c-00531|v2-c-00530|v2-c-00528|v2-c-00534,0.0,0.0,0.0
real-cug-055,请假期间碰上考试，光有请假条就能算缓考吗？,doc-11|doc-06,1.0,1.0,0.5,doc-04|doc-06|doc-06|doc-11|doc-11,v2-c-00238|v2-c-00297|v2-c-00333|v2-c-00530|v2-c-00528,2,缓考申请、条件与成绩处理规则；语境：请假期间碰上考试，光有请假条就能算缓考吗？ || 课程考核纪律与考试违规认定规则；语境：请假期间碰上考试，光有请假条就能算缓考吗？,1.0,1.0,0.5,doc-04|doc-06|doc-06|doc-11|doc-06,v2-c-00238|v2-c-00297|v2-c-00333|v2-c-00530|v2-c-00331,0.0,0.0,0.0
real-cug-056,我和同学打架了，学校一般会怎么处分？,doc-08,1.0,1.0,1.0,doc-08|doc-08|doc-08|doc-08|doc-08,v2-c-00426|v2-c-00425|v2-c-00427|v2-c-00433|v2-c-00432,1,学生纪律处分、影响与处理规则；语境：我和同学打架了，学校一般会怎么处分？,1.0,1.0,1.0,doc-08|doc-08|doc-08|doc-08|doc-08,v2-c-00426|v2-c-00425|v2-c-00427|v2-c-00433|v2-c-00432,0.0,0.0,0.0
real-cug-058,在宿舍里用违规电器被查到，学校怎么处理？,doc-12|doc-08,0.5,1.0,1.0,doc-12|doc-12|doc-12|doc-12|doc-12,v2-c-00539|v2-c-00559|v2-c-00546|v2-c-00544|v2-c-00545,1,学生宿舍住宿、安全与用电规则；语境：在宿舍里用违规电器被查到，学校怎么处理？,0.5,1.0,1.0,doc-12|doc-12|doc-12|doc-12|doc-12,v2-c-00539|v2-c-00559|v2-c-00546|v2-c-00544|v2-c-00545,0.0,0.0,0.0
real-cug-059,我把宿舍门禁卡借给校外朋友用，这算违规吗？,doc-12,1.0,1.0,1.0,doc-12|doc-12|doc-12|doc-12|doc-12,v2-c-00539|v2-c-00540|v2-c-00544|v2-c-00545|v2-c-00546,1,学生宿舍住宿、安全与用电规则；语境：我把宿舍门禁卡借给校外朋友用，这算违规吗？,1.0,1.0,1.0,doc-12|doc-12|doc-12|doc-12|doc-12,v2-c-00539|v2-c-00540|v2-c-00544|v2-c-00545|v2-c-00546,0.0,0.0,0.0
real-cug-060,宿舍晚上太吵影响别人，宿舍管理规定怎么要求？,doc-12,1.0,1.0,1.0,doc-12|doc-12|doc-12|doc-12|doc-12,v2-c-00545|v2-c-00539|v2-c-00540|v2-c-00535|v2-c-00536,1,学生宿舍住宿、安全与用电规则；语境：宿舍晚上太吵影响别人，宿舍管理规定怎么要求？,1.0,1.0,1.0,doc-12|doc-12|doc-12|doc-12|doc-12,v2-c-00545|v2-c-00539|v2-c-00540|v2-c-00535|v2-c-00536,0.0,0.0,0.0
real-cug-062,学生申诉要在收到处理决定后多久提出？,doc-15,1.0,1.0,1.0,doc-15|doc-15|doc-15|doc-15|doc-15,v2-c-00633|v2-c-00635|v2-c-00638|v2-c-00634|v2-c-00617,1,学生处分申诉与复核流程；语境：学生申诉要在收到处理决定后多久提出？,1.0,1.0,1.0,doc-15|doc-15|doc-15|doc-15|doc-15,v2-c-00633|v2-c-00635|v2-c-00638|v2-c-00634|v2-c-00617,0.0,0.0,0.0
real-cug-063,申诉应该交到哪个部门，要准备书面材料吗？,doc-15,1.0,1.0,1.0,doc-15|doc-15|doc-15|doc-15|doc-15,v2-c-00617|v2-c-00618|v2-c-00620|v2-c-00635|v2-c-00613,1,学生处分申诉与复核流程；语境：申诉应该交到哪个部门，要准备书面材料吗？,1.0,1.0,1.0,doc-15|doc-15|doc-15|doc-15|doc-15,v2-c-00617|v2-c-00618|v2-c-00620|v2-c-00635|v2-c-00613,0.0,0.0,0.0
real-cug-064,申诉委员会处理我的申诉一般要多久？,doc-15,1.0,1.0,1.0,doc-15|doc-15|doc-15|doc-15|doc-15,v2-c-00613|v2-c-00610|v2-c-00608|v2-c-00616|v2-c-00619,1,学生处分申诉与复核流程；语境：申诉委员会处理我的申诉一般要多久？,1.0,1.0,1.0,doc-15|doc-15|doc-15|doc-15|doc-15,v2-c-00613|v2-c-00610|v2-c-00608|v2-c-00616|v2-c-00619,0.0,0.0,0.0
real-cug-066,处分是不是过一段时间就会自动撤销？,doc-08,1.0,1.0,1.0,doc-08|doc-08|doc-08|doc-08|doc-08,v2-c-00426|v2-c-00432|v2-c-00427|v2-c-00433|v2-c-00425,1,学生纪律处分、影响与处理规则；语境：处分是不是过一段时间就会自动撤销？,1.0,1.0,1.0,doc-08|doc-08|doc-08|doc-08|doc-08,v2-c-00426|v2-c-00432|v2-c-00427|v2-c-00433|v2-c-00425,0.0,0.0,0.0
real-cug-067,受到处分以后会不会影响评奖评优？,doc-08|doc-26,0.5,1.0,1.0,doc-08|doc-08|doc-08|doc-08|doc-08,v2-c-00426|v2-c-00435|v2-c-00427|v2-c-00425|v2-c-00432,1,学生纪律处分、影响与处理规则；语境：受到处分以后会不会影响评奖评优？,0.5,1.0,1.0,doc-08|doc-08|doc-08|doc-08|doc-08,v2-c-00426|v2-c-00435|v2-c-00427|v2-c-00425|v2-c-00432,0.0,0.0,0.0
real-cug-068,在网上发不实消息造成影响，学校会按纪律问题处理吗？,doc-13|doc-08,0.5,1.0,1.0,doc-08|doc-08|doc-08|doc-08|doc-08,v2-c-00469|v2-c-00456|v2-c-00425|v2-c-00426|v2-c-00477,1,学生纪律处分、影响与处理规则；语境：在网上发不实消息造成影响，学校会按纪律问题处理吗？,0.5,1.0,1.0,doc-08|doc-08|doc-08|doc-08|doc-08,v2-c-00469|v2-c-00456|v2-c-00425|v2-c-00426|v2-c-00477,0.0,0.0,0.0
real-cug-070,校园里遇到火灾或者突发安全事件，学生有哪些基本安全要求？,doc-07,1.0,1.0,1.0,doc-07|doc-07|doc-07|doc-07|doc-07,v2-c-00416|v2-c-00415|v2-c-00417|v2-c-00418|v2-c-00414,1,校园学生安全管理与报告规则；语境：校园里遇到火灾或者突发安全事件，学生有哪些基本安全要求？,1.0,1.0,1.0,doc-07|doc-07|doc-07|doc-07|doc-07,v2-c-00416|v2-c-00415|v2-c-00417|v2-c-00418|v2-c-00414,0.0,0.0,0.0
real-cug-071,我出去实习住在校外，学校安全管理里对校外活动有什么要求？,doc-07,1.0,1.0,1.0,doc-07|doc-07|doc-07|doc-07|doc-07,v2-c-00411|v2-c-00412|v2-c-00413|v2-c-00407|v2-c-00402,1,学生就业流程、签约与去向登记规则；语境：我出去实习住在校外，学校安全管理里对校外活动有什么要求？,1.0,1.0,1.0,doc-07|doc-07|doc-07|doc-07|doc-07,v2-c-00411|v2-c-00412|v2-c-00413|v2-c-00407|v2-c-00402,0.0,0.0,0.0
real-cug-072,组织同学出去集体活动，需要提前做安全方面的报备吗？,doc-07,1.0,1.0,1.0,doc-07|doc-47|doc-46|doc-38|doc-07,v2-c-00405|v2-c-01423|v2-c-01408|v2-c-01271|v2-c-00406,1,查证当前学生问题对应的校方规则与办理依据；语境：组织同学出去集体活动，需要提前做安全方面的报备吗？,1.0,1.0,1.0,doc-07|doc-47|doc-46|doc-38|doc-07,v2-c-00405|v2-c-01423|v2-c-01408|v2-c-01271|v2-c-00406,0.0,0.0,0.0
real-cug-074,同一个行为同时违反好几条规定，处分会怎么认定？,doc-08,1.0,1.0,1.0,doc-08|doc-08|doc-08|doc-08|doc-08,v2-c-00477|v2-c-00479|v2-c-00476|v2-c-00478|v2-c-00480,1,学生纪律处分、影响与处理规则；语境：同一个行为同时违反好几条规定，处分会怎么认定？,1.0,1.0,1.0,doc-08|doc-08|doc-08|doc-08|doc-08,v2-c-00477|v2-c-00479|v2-c-00476|v2-c-00478|v2-c-00480,0.0,0.0,0.0
real-cug-075,被处分后学校会怎么通知我，家长一定会知道吗？,doc-08,1.0,1.0,1.0,doc-08|doc-08|doc-08|doc-08|doc-08,v2-c-00426|v2-c-00427|v2-c-00433|v2-c-00476|v2-c-00469,1,学生纪律处分、影响与处理规则；语境：被处分后学校会怎么通知我，家长一定会知道吗？,1.0,1.0,1.0,doc-08|doc-08|doc-08|doc-08|doc-08,v2-c-00426|v2-c-00427|v2-c-00433|v2-c-00476|v2-c-00469,0.0,0.0,0.0
real-cug-076,国家奖学金本科生要满足哪些基本条件？,doc-28,1.0,1.0,1.0,doc-28|doc-28|doc-28|doc-28|doc-28,v2-c-01001|v2-c-01005|v2-c-01000|v2-c-01004|v2-c-01007,1,国家奖学金资格、兼得与评审规则；语境：国家奖学金本科生要满足哪些基本条件？,1.0,1.0,1.0,doc-28|doc-28|doc-28|doc-28|doc-28,v2-c-01001|v2-c-01005|v2-c-01000|v2-c-01004|v2-c-01007,0.0,0.0,0.0
real-cug-078,拿了国家奖学金以后还能拿国家助学金吗？,doc-28|doc-33,1.0,1.0,1.0,doc-33|doc-33|doc-33|doc-33|doc-28,v2-c-01182|v2-c-01186|v2-c-01184|v2-c-01176|v2-c-01005,2,国家奖学金资格、兼得与评审规则；语境：拿了国家奖学金以后还能拿国家助学金吗？ || 国家助学金资格、发放与兼得规则；语境：拿了国家奖学金以后还能拿国家助学金吗？,1.0,1.0,1.0,doc-33|doc-33|doc-33|doc-33|doc-28,v2-c-01182|v2-c-01186|v2-c-01184|v2-c-01176|v2-c-01005,0.0,0.0,0.0
real-cug-079,国家奖学金是自己申请还是学院直接推荐？,doc-28,1.0,1.0,1.0,doc-28|doc-28|doc-28|doc-28|doc-33,v2-c-01004|v2-c-01005|v2-c-01000|v2-c-01001|v2-c-01180,1,国家奖学金资格、兼得与评审规则；语境：国家奖学金是自己申请还是学院直接推荐？,1.0,1.0,1.0,doc-28|doc-28|doc-28|doc-28|doc-33,v2-c-01004|v2-c-01005|v2-c-01000|v2-c-01001|v2-c-01180,0.0,0.0,0.0
real-cug-080,我有一门课成绩不太好，还能参评国家奖学金吗？,doc-28,1.0,1.0,1.0,doc-28|doc-28|doc-28|doc-28|doc-28,v2-c-01005|v2-c-01001|v2-c-01000|v2-c-01004|v2-c-01007,1,国家奖学金资格、兼得与评审规则；语境：我有一门课成绩不太好，还能参评国家奖学金吗？,1.0,1.0,1.0,doc-28|doc-28|doc-28|doc-28|doc-28,v2-c-01005|v2-c-01001|v2-c-01000|v2-c-01004|v2-c-01007,0.0,0.0,0.0
real-cug-082,申请国家励志奖学金必须先做家庭经济困难认定吗？,doc-29|doc-32,0.5,1.0,1.0,doc-29|doc-29|doc-29|doc-29|doc-29,v2-c-01014|v2-c-01015|v2-c-01022|v2-c-01021|v2-c-01013,2,国家励志奖学金资格与兼得规则；语境：申请国家励志奖学金必须先做家庭经济困难认定吗？ || 家庭经济困难学生认定规则；语境：申请国家励志奖学金必须先做家庭经济困难认定吗？,0.5,1.0,1.0,doc-29|doc-29|doc-29|doc-29|doc-29,v2-c-01014|v2-c-01015|v2-c-01022|v2-c-01021|v2-c-01013,0.0,0.0,0.0
real-cug-083,国家励志奖学金的奖励金额是多少？,doc-29,1.0,1.0,1.0,doc-29|doc-29|doc-29|doc-29|doc-29,v2-c-01022|v2-c-01021|v2-c-01020|v2-c-01013|v2-c-01014,1,国家励志奖学金资格与兼得规则；语境：国家励志奖学金的奖励金额是多少？,1.0,1.0,1.0,doc-29|doc-29|doc-29|doc-29|doc-29,v2-c-01022|v2-c-01021|v2-c-01020|v2-c-01013|v2-c-01014,0.0,0.0,0.0
real-cug-084,英才奖学金主要看哪些方面，怎么评？,doc-30,1.0,1.0,1.0,doc-30|doc-30|doc-30|doc-30|doc-30,v2-c-01061|v2-c-01066|v2-c-01064|v2-c-01065|v2-c-01068,1,查证当前学生问题对应的校方规则与办理依据；语境：英才奖学金主要看哪些方面，怎么评？,1.0,1.0,1.0,doc-30|doc-30|doc-30|doc-30|doc-30,v2-c-01061|v2-c-01066|v2-c-01064|v2-c-01065|v2-c-01068,0.0,0.0,0.0
real-cug-086,家庭经济困难认定一般需要哪些条件和程序？,doc-32,1.0,1.0,1.0,doc-32|doc-32|doc-32|doc-32|doc-32,v2-c-01156|v2-c-01154|v2-c-01164|v2-c-01155|v2-c-01157,1,家庭经济困难学生认定规则；语境：家庭经济困难认定一般需要哪些条件和程序？,1.0,1.0,1.0,doc-32|doc-32|doc-32|doc-32|doc-32,v2-c-01156|v2-c-01154|v2-c-01164|v2-c-01155|v2-c-01157,0.0,0.0,0.0
real-cug-087,家庭经济情况突然变差了，可以在学年中重新申请困难认定吗？,doc-32,1.0,1.0,1.0,doc-32|doc-32|doc-32|doc-32|doc-32,v2-c-01164|v2-c-01169|v2-c-01170|v2-c-01167|v2-c-01154,1,家庭经济困难学生认定规则；语境：家庭经济情况突然变差了，可以在学年中重新申请困难认定吗？,1.0,1.0,1.0,doc-32|doc-32|doc-32|doc-32|doc-32,v2-c-01164|v2-c-01169|v2-c-01170|v2-c-01167|v2-c-01154,0.0,0.0,0.0
real-cug-088,我家里经济困难，但没有做困难生认定，能直接申请国家助学金吗？,doc-32|doc-33,1.0,1.0,1.0,doc-33|doc-33|doc-33|doc-32|doc-32,v2-c-01176|v2-c-01182|v2-c-01180|v2-c-01170|v2-c-01164,2,国家助学金资格、发放与兼得规则；语境：我家里经济困难，但没有做困难生认定，能直接申请国家助学金吗？ || 家庭经济困难学生认定规则；语境：我家里经济困难，但没有做困难生认定，能直接申请国家助学金吗？,1.0,1.0,1.0,doc-33|doc-33|doc-33|doc-32|doc-32,v2-c-01176|v2-c-01182|v2-c-01180|v2-c-01170|v2-c-01164,0.0,0.0,0.0
real-cug-090,国家助学金主要看什么条件？,doc-33,1.0,1.0,1.0,doc-33|doc-33|doc-33|doc-33|doc-33,v2-c-01180|v2-c-01184|v2-c-01176|v2-c-01182|v2-c-01186,1,国家助学金资格、发放与兼得规则；语境：国家助学金主要看什么条件？,1.0,1.0,1.0,doc-33|doc-33|doc-33|doc-33|doc-33,v2-c-01180|v2-c-01184|v2-c-01176|v2-c-01182|v2-c-01186,0.0,0.0,0.0
real-cug-091,我已经拿国家奖学金了，还能同时申请国家助学金不？,doc-33|doc-28,1.0,1.0,1.0,doc-33|doc-33|doc-33|doc-28|doc-33,v2-c-01184|v2-c-01182|v2-c-01186|v2-c-01005|v2-c-01176,2,国家奖学金资格、兼得与评审规则；语境：我已经拿国家奖学金了，还能同时申请国家助学金不？ || 国家助学金资格、发放与兼得规则；语境：我已经拿国家奖学金了，还能同时申请国家助学金不？,1.0,1.0,1.0,doc-33|doc-33|doc-33|doc-28|doc-33,v2-c-01184|v2-c-01182|v2-c-01186|v2-c-01005|v2-c-01176,0.0,0.0,0.0
real-cug-092,我这学期因病休学，国家助学金还会继续发吗？,doc-33|doc-04,0.5,1.0,1.0,doc-33|doc-33|doc-33|doc-33|doc-33,v2-c-01182|v2-c-01176|v2-c-01181|v2-c-01180|v2-c-01184,2,国家助学金资格、发放与兼得规则；语境：我这学期因病休学，国家助学金还会继续发吗？ || 休学条件、学籍状态与相关待遇规则；语境：我这学期因病休学，国家助学金还会继续发吗？,0.5,1.0,1.0,doc-33|doc-33|doc-33|doc-33|doc-33,v2-c-01182|v2-c-01176|v2-c-01181|v2-c-01180|v2-c-01184,0.0,0.0,0.0
real-cug-094,如果申请助学金时被发现材料造假，会怎么处理？,doc-33,1.0,1.0,1.0,doc-33|doc-34|doc-34|doc-34|doc-33,v2-c-01180|v2-c-01215|v2-c-01193|v2-c-01204|v2-c-01181,1,国家助学金资格、发放与兼得规则；语境：如果申请助学金时被发现材料造假，会怎么处理？,1.0,1.0,1.0,doc-33|doc-34|doc-34|doc-34|doc-33,v2-c-01180|v2-c-01215|v2-c-01193|v2-c-01204|v2-c-01181,0.0,0.0,0.0
real-cug-095,社会助学金一般怎么申请，是学校统一评还是捐赠方评？,doc-34,1.0,1.0,1.0,doc-34|doc-34|doc-34|doc-34|doc-34,v2-c-01195|v2-c-01193|v2-c-01199|v2-c-01189|v2-c-01201,2,国家助学金资格、发放与兼得规则；语境：社会助学金一般怎么申请，是学校统一评还是捐赠方评？ || 社会助学金申请与兼得规则；语境：社会助学金一般怎么申请，是学校统一评还是捐赠方评？,1.0,1.0,1.0,doc-34|doc-34|doc-34|doc-34|doc-34,v2-c-01195|v2-c-01193|v2-c-01199|v2-c-01189|v2-c-01201,0.0,0.0,0.0
real-cug-096,家里突然发生事故，短期内生活费不够，学校有没有临时困难补助？,doc-35,1.0,1.0,1.0,doc-35|doc-35|doc-35|doc-35|doc-35,v2-c-01221|v2-c-01224|v2-c-01222|v2-c-01218|v2-c-01219,2,临时困难补助申请规则；语境：家里突然发生事故，短期内生活费不够，学校有没有临时困难补助？ || 校园学生安全管理与报告规则；语境：家里突然发生事故，短期内生活费不够，学校有没有临时困难补助？,1.0,1.0,1.0,doc-35|doc-35|doc-35|doc-35|doc-35,v2-c-01221|v2-c-01224|v2-c-01222|v2-c-01218|v2-c-01219,0.0,0.0,0.0
real-cug-098,得了重大疾病，学校有没有专门的救助基金？,doc-36,1.0,1.0,1.0,doc-36|doc-36|doc-36|doc-36|doc-36,v2-c-01225|v2-c-01237|v2-c-01242|v2-c-01245|v2-c-01228,1,重大疾病救助申请与资助规则；语境：得了重大疾病，学校有没有专门的救助基金？,1.0,1.0,1.0,doc-36|doc-36|doc-36|doc-36|doc-36,v2-c-01225|v2-c-01237|v2-c-01242|v2-c-01245|v2-c-01228,0.0,0.0,0.0
real-cug-099,重大疾病救助基金申请时要准备哪些证明？,doc-36,1.0,1.0,1.0,doc-36|doc-36|doc-36|doc-36|doc-36,v2-c-01228|v2-c-01231|v2-c-01234|v2-c-01245|v2-c-01230,1,重大疾病救助申请与资助规则；语境：重大疾病救助基金申请时要准备哪些证明？,1.0,1.0,1.0,doc-36|doc-36|doc-36|doc-36|doc-36,v2-c-01228|v2-c-01231|v2-c-01234|v2-c-01245|v2-c-01230,0.0,0.0,0.0
real-cug-100,校园地国家助学贷款一般怎么申请？,doc-40,1.0,1.0,1.0,doc-40|doc-40|doc-40|doc-40|doc-40,v2-c-01290|v2-c-01291|v2-c-01296|v2-c-01292|v2-c-01294,1,助学贷款申请、还款或代偿规则；语境：校园地国家助学贷款一般怎么申请？,1.0,1.0,1.0,doc-40|doc-40|doc-40|doc-40|doc-40,v2-c-01290|v2-c-01291|v2-c-01296|v2-c-01292|v2-c-01294,0.0,0.0,0.0
real-cug-102,毕业去基层单位工作，学费补偿和贷款代偿要满足什么条件？,doc-41,1.0,1.0,1.0,doc-41|doc-41|doc-41|doc-41|doc-41,v2-c-01310|v2-c-01300|v2-c-01306|v2-c-01302|v2-c-01313,3,助学贷款申请、还款或代偿规则；语境：毕业去基层单位工作，学费补偿和贷款代偿要满足什么条件？ || 基层就业学费补偿与助学贷款代偿规则；语境：毕业去基层单位工作，学费补偿和贷款代偿要满足什么条件？ || 毕业、结业与毕业资格规则；语境：毕业去基层单位工作，学费补偿和贷款代偿要满足什么条件？,1.0,1.0,1.0,doc-41|doc-41|doc-41|doc-41|doc-41,v2-c-01310|v2-c-01300|v2-c-01306|v2-c-01302|v2-c-01313,0.0,0.0,0.0
real-cug-103,基层就业代偿是毕业当年申请还是工作一段时间以后？,doc-41,1.0,1.0,1.0,doc-41|doc-41|doc-41|doc-41|doc-41,v2-c-01312|v2-c-01302|v2-c-01299|v2-c-01308|v2-c-01300,3,基层就业学费补偿与助学贷款代偿规则；语境：基层就业代偿是毕业当年申请还是工作一段时间以后？ || 毕业、结业与毕业资格规则；语境：基层就业代偿是毕业当年申请还是工作一段时间以后？ || 学生就业流程、签约与去向登记规则；语境：基层就业代偿是毕业当年申请还是工作一段时间以后？,1.0,1.0,1.0,doc-41|doc-41|doc-41|doc-41|doc-41,v2-c-01312|v2-c-01302|v2-c-01299|v2-c-01308|v2-c-01300,0.0,0.0,0.0
real-cug-104,我准备参军入伍，本科生学费资助怎么申请？,doc-42,0.0,0.0,0.0,doc-05|doc-05|doc-05|doc-05|doc-05,v2-c-00272|v2-c-00281|v2-c-00274|v2-c-00273|v2-c-00284,2,应征入伍、退役复学与学生资助规则；语境：我准备参军入伍，本科生学费资助怎么申请？ || 学生学费收缴、缓交与相关规则；语境：我准备参军入伍，本科生学费资助怎么申请？,0.0,0.0,0.0,doc-05|doc-05|doc-05|doc-05|doc-04,v2-c-00272|v2-c-00281|v2-c-00274|v2-c-00273|v2-c-00245,0.0,0.0,0.0
real-cug-106,服兵役期间拿过国家资助，回来以后还能继续申请其他奖助学金吗？,doc-42|doc-26,0.5,1.0,1.0,doc-42|doc-42|doc-42|doc-42|doc-42,v2-c-01315|v2-c-01316|v2-c-01321|v2-c-01317|v2-c-01322,2,国家助学金资格、发放与兼得规则；语境：服兵役期间拿过国家资助，回来以后还能继续申请其他奖助学金吗？ || 应征入伍、退役复学与学生资助规则；语境：服兵役期间拿过国家资助，回来以后还能继续申请其他奖助学金,0.5,1.0,1.0,doc-42|doc-42|doc-42|doc-42|doc-42,v2-c-01315|v2-c-01316|v2-c-01321|v2-c-01317|v2-c-01322,0.0,0.0,0.0
real-cug-107,学校英才工程的资助主要面向什么项目？,doc-43,1.0,1.0,1.0,doc-43|doc-43|doc-43|doc-43|doc-43,v2-c-01326|v2-c-01328|v2-c-01327|v2-c-01331|v2-c-01329,1,查证当前学生问题对应的校方规则与办理依据；语境：学校英才工程的资助主要面向什么项目？,1.0,1.0,1.0,doc-43|doc-43|doc-43|doc-43|doc-43,v2-c-01326|v2-c-01328|v2-c-01327|v2-c-01331|v2-c-01329,0.0,0.0,0.0
real-cug-108,日常奖励一般哪些表现可以申请？,doc-37,1.0,1.0,1.0,doc-37|doc-37|doc-37|doc-37|doc-37,v2-c-01261|v2-c-01255|v2-c-01253|v2-c-01262|v2-c-01259,1,查证当前学生问题对应的校方规则与办理依据；语境：日常奖励一般哪些表现可以申请？,1.0,1.0,1.0,doc-37|doc-37|doc-37|doc-37|doc-37,v2-c-01261|v2-c-01255|v2-c-01253|v2-c-01262|v2-c-01259,0.0,0.0,0.0
real-cug-110,评优秀毕业生需要满足哪些条件？,doc-39,1.0,1.0,1.0,doc-39|doc-39|doc-39|doc-39|doc-39,v2-c-01284|v2-c-01285|v2-c-01283|v2-c-01287|v2-c-01279,1,毕业、结业与毕业资格规则；语境：评优秀毕业生需要满足哪些条件？,1.0,1.0,1.0,doc-39|doc-39|doc-39|doc-39|doc-39,v2-c-01284|v2-c-01285|v2-c-01283|v2-c-01287|v2-c-01279,0.0,0.0,0.0
real-cug-111,大学生医保到底是什么，新生是不是都要参加？,doc-23|doc-22,0.5,1.0,1.0,doc-23|doc-23|doc-23|doc-23|doc-23,v2-c-00870|v2-c-00854|v2-c-00881|v2-c-00861|v2-c-00860,1,大学生医保参保、门诊住院与报销规则；语境：大学生医保到底是什么，新生是不是都要参加？,0.5,1.0,1.0,doc-23|doc-23|doc-23|doc-23|doc-23,v2-c-00870|v2-c-00854|v2-c-00881|v2-c-00861|v2-c-00860,0.0,0.0,0.0
real-cug-112,我们学校大学生医保一年交多少钱？,doc-23,1.0,1.0,1.0,doc-23|doc-23|doc-23|doc-23|doc-23,v2-c-00851|v2-c-00852|v2-c-00861|v2-c-00856|v2-c-00881,1,大学生医保参保、门诊住院与报销规则；语境：我们学校大学生医保一年交多少钱？,1.0,1.0,1.0,doc-23|doc-23|doc-23|doc-23|doc-23,v2-c-00851|v2-c-00852|v2-c-00861|v2-c-00856|v2-c-00881,0.0,0.0,0.0
real-cug-114,我在校医院看普通门诊，大学生医保怎么报销？,doc-22|doc-23,0.5,1.0,1.0,doc-23|doc-23|doc-23|doc-23|doc-23,v2-c-00857|v2-c-00856|v2-c-00860|v2-c-00859|v2-c-00858,1,大学生医保参保、门诊住院与报销规则；语境：我在校医院看普通门诊，大学生医保怎么报销？,0.5,1.0,1.0,doc-23|doc-23|doc-23|doc-23|doc-23,v2-c-00857|v2-c-00856|v2-c-00860|v2-c-00859|v2-c-00858,0.0,0.0,0.0
real-cug-115,寒暑假在外地突然生病住院，大学生医保能报吗？,doc-23|doc-22,0.5,1.0,1.0,doc-23|doc-23|doc-23|doc-23|doc-23,v2-c-00865|v2-c-00868|v2-c-00885|v2-c-00881|v2-c-00876,1,大学生医保参保、门诊住院与报销规则；语境：寒暑假在外地突然生病住院，大学生医保能报吗？,0.5,1.0,1.0,doc-23|doc-23|doc-23|doc-23|doc-23,v2-c-00865|v2-c-00868|v2-c-00885|v2-c-00881|v2-c-00876,0.0,0.0,0.0
real-cug-116,我需要转院治疗，医保报销有没有转诊方面的要求？,doc-22|doc-23,0.5,1.0,1.0,doc-23|doc-23|doc-23|doc-23|doc-23,v2-c-00872|v2-c-00882|v2-c-00875|v2-c-00884|v2-c-00877,1,大学生医保参保、门诊住院与报销规则；语境：我需要转院治疗，医保报销有没有转诊方面的要求？,0.5,1.0,1.0,doc-23|doc-23|doc-23|doc-23|doc-23,v2-c-00872|v2-c-00882|v2-c-00875|v2-c-00884|v2-c-00877,0.0,0.0,0.0
real-cug-118,医保卡或者医保电子凭证怎么用？,doc-23,1.0,1.0,1.0,doc-23|doc-23|doc-23|doc-23|doc-23,v2-c-00882|v2-c-00883|v2-c-00881|v2-c-00853|v2-c-00877,1,大学生医保参保、门诊住院与报销规则；语境：医保卡或者医保电子凭证怎么用？,1.0,1.0,1.0,doc-23|doc-23|doc-23|doc-23|doc-23,v2-c-00882|v2-c-00883|v2-c-00881|v2-c-00853|v2-c-00877,0.0,0.0,0.0
real-cug-119,我已经参加家里的居民医保，还需要参加大学生医保吗？,doc-23,1.0,1.0,1.0,doc-23|doc-23|doc-23|doc-23|doc-23,v2-c-00867|v2-c-00870|v2-c-00853|v2-c-00857|v2-c-00881,1,大学生医保参保、门诊住院与报销规则；语境：我已经参加家里的居民医保，还需要参加大学生医保吗？,1.0,1.0,1.0,doc-23|doc-23|doc-23|doc-23|doc-23,v2-c-00867|v2-c-00870|v2-c-00853|v2-c-00857|v2-c-00881,0.0,0.0,0.0
real-cug-120,毕业以后大学生医保会自动停吗？,doc-23|doc-22,0.5,1.0,1.0,doc-23|doc-23|doc-23|doc-23|doc-23,v2-c-00876|v2-c-00885|v2-c-00868|v2-c-00851|v2-c-00881,2,毕业、结业与毕业资格规则；语境：毕业以后大学生医保会自动停吗？ || 大学生医保参保、门诊住院与报销规则；语境：毕业以后大学生医保会自动停吗？,0.5,1.0,1.0,doc-23|doc-23|doc-23|doc-23|doc-23,v2-c-00876|v2-c-00885|v2-c-00868|v2-c-00851|v2-c-00881,0.0,0.0,0.0
real-cug-122,我因为身体原因不能参加正常体测，能申请免测吗？,doc-18,1.0,1.0,1.0,doc-18|doc-18|doc-18|doc-27|doc-18,v2-c-00731|v2-c-00728|v2-c-00730|v2-c-00991|v2-c-00722,1,学生体质健康测试、免测与毕业相关规则；语境：我因为身体原因不能参加正常体测，能申请免测吗？,1.0,1.0,1.0,doc-18|doc-18|doc-18|doc-27|doc-18,v2-c-00731|v2-c-00728|v2-c-00730|v2-c-00991|v2-c-00722,0.0,0.0,0.0
real-cug-123,体测申请免测要提供什么材料？,doc-18,1.0,1.0,1.0,doc-18|doc-18|doc-18|doc-18|doc-18,v2-c-00728|v2-c-00731|v2-c-00733|v2-c-00732|v2-c-00721,1,学生体质健康测试、免测与毕业相关规则；语境：体测申请免测要提供什么材料？,1.0,1.0,1.0,doc-18|doc-18|doc-18|doc-18|doc-18,v2-c-00728|v2-c-00731|v2-c-00733|v2-c-00732|v2-c-00721,0.0,0.0,0.0
real-cug-124,体测成绩每学年怎么算，毕业时看哪几年的？,doc-18,1.0,1.0,1.0,doc-18|doc-18|doc-18|doc-18|doc-18,v2-c-00728|v2-c-00722|v2-c-00723|v2-c-00724|v2-c-00729,2,毕业、结业与毕业资格规则；语境：体测成绩每学年怎么算，毕业时看哪几年的？ || 学生体质健康测试、免测与毕业相关规则；语境：体测成绩每学年怎么算，毕业时看哪几年的？,1.0,1.0,1.0,doc-18|doc-18|doc-18|doc-18|doc-18,v2-c-00728|v2-c-00722|v2-c-00723|v2-c-00724|v2-c-00730,0.0,0.0,0.0
real-cug-126,因病休学期间还需要参加体测吗？,doc-18|doc-04,1.0,1.0,1.0,doc-18|doc-18|doc-04|doc-18|doc-27,v2-c-00728|v2-c-00731|v2-c-00248|v2-c-00722|v2-c-00991,2,休学条件、学籍状态与相关待遇规则；语境：因病休学期间还需要参加体测吗？ || 学生体质健康测试、免测与毕业相关规则；语境：因病休学期间还需要参加体测吗？,1.0,1.0,1.0,doc-18|doc-18|doc-04|doc-18|doc-27,v2-c-00728|v2-c-00731|v2-c-00248|v2-c-00722|v2-c-00991,0.0,0.0,0.0
real-cug-128,我在外地实习期间错过体测，学校有没有补测安排规定？,doc-18,1.0,1.0,0.3333333333333333,doc-16|doc-16|doc-18|doc-16|doc-18,v2-c-00652|v2-c-00653|v2-c-00730|v2-c-00643|v2-c-00722,2,学生就业流程、签约与去向登记规则；语境：我在外地实习期间错过体测，学校有没有补测安排规定？ || 学生体质健康测试、免测与毕业相关规则；语境：我在外地实习期间错过体测，学校有没有补测安排规定？,1.0,1.0,0.3333333333333333,doc-16|doc-16|doc-18|doc-16|doc-03,v2-c-00652|v2-c-00653|v2-c-00730|v2-c-00643|v2-c-00156,0.0,0.0,0.0
real-cug-130,我因病休学了，医保资格会不会跟学籍一起暂停？,doc-22|doc-04,0.5,1.0,1.0,doc-04|doc-04|doc-04|doc-04|doc-04,v2-c-00248|v2-c-00245|v2-c-00249|v2-c-00250|v2-c-00246,2,休学条件、学籍状态与相关待遇规则；语境：我因病休学了，医保资格会不会跟学籍一起暂停？ || 大学生医保参保、门诊住院与报销规则；语境：我因病休学了，医保资格会不会跟学籍一起暂停？,0.5,1.0,1.0,doc-04|doc-04|doc-04|doc-04|doc-04,v2-c-00248|v2-c-00245|v2-c-00249|v2-c-00250|v2-c-00246,0.0,0.0,0.0
real-cug-131,宿舍能不能自己换床位，还是一定要申请调宿？,doc-12,1.0,1.0,1.0,doc-12|doc-12|doc-12|doc-12|doc-12,v2-c-00540|v2-c-00546|v2-c-00541|v2-c-00539|v2-c-00544,1,学生宿舍住宿、安全与用电规则；语境：宿舍能不能自己换床位，还是一定要申请调宿？,1.0,1.0,1.0,doc-12|doc-12|doc-12|doc-12|doc-12,v2-c-00540|v2-c-00546|v2-c-00541|v2-c-00539|v2-c-00544,0.0,0.0,0.0
real-cug-132,我想在校外租房住，宿舍这边要办什么手续吗？,doc-12,1.0,1.0,1.0,doc-12|doc-12|doc-12|doc-12|doc-12,v2-c-00539|v2-c-00540|v2-c-00542|v2-c-00544|v2-c-00541,1,学生宿舍住宿、安全与用电规则；语境：我想在校外租房住，宿舍这边要办什么手续吗？,1.0,1.0,1.0,doc-12|doc-12|doc-12|doc-12|doc-12,v2-c-00539|v2-c-00540|v2-c-00542|v2-c-00544|v2-c-00541,0.0,0.0,0.0
real-cug-134,宿舍晚上几点以后应该保持安静？,doc-12,1.0,1.0,1.0,doc-12|doc-12|doc-12|doc-12|doc-12,v2-c-00539|v2-c-00540|v2-c-00541|v2-c-00548|v2-c-00545,1,学生宿舍住宿、安全与用电规则；语境：宿舍晚上几点以后应该保持安静？,1.0,1.0,1.0,doc-12|doc-12|doc-12|doc-12|doc-12,v2-c-00539|v2-c-00540|v2-c-00541|v2-c-00548|v2-c-00545,0.0,0.0,0.0
real-cug-135,室友长期不打扫卫生，宿舍管理规定有没有卫生要求？,doc-12,1.0,1.0,1.0,doc-12|doc-12|doc-12|doc-12|doc-12,v2-c-00546|v2-c-00539|v2-c-00540|v2-c-00541|v2-c-00545,1,学生宿舍住宿、安全与用电规则；语境：室友长期不打扫卫生，宿舍管理规定有没有卫生要求？,1.0,1.0,1.0,doc-12|doc-12|doc-12|doc-12|doc-12,v2-c-00546|v2-c-00539|v2-c-00540|v2-c-00541|v2-c-00545,0.0,0.0,0.0
real-cug-136,校园网账号可以借给同学用吗？,doc-13,1.0,1.0,1.0,doc-13|doc-13|doc-13|doc-13|doc-13,v2-c-00571|v2-c-00577|v2-c-00584|v2-c-00572|v2-c-00585,1,校园网络使用与信息发布规则；语境：校园网账号可以借给同学用吗？,1.0,1.0,1.0,doc-13|doc-13|doc-13|doc-13|doc-13,v2-c-00571|v2-c-00577|v2-c-00584|v2-c-00572|v2-c-00585,0.0,0.0,0.0
real-cug-138,学校网络里能不能私自搭服务器或者做代理？,doc-13,1.0,1.0,1.0,doc-13|doc-13|doc-13|doc-13|doc-13,v2-c-00577|v2-c-00564|v2-c-00573|v2-c-00569|v2-c-00572,1,校园网络使用与信息发布规则；语境：学校网络里能不能私自搭服务器或者做代理？,1.0,1.0,1.0,doc-13|doc-13|doc-13|doc-13|doc-13,v2-c-00577|v2-c-00564|v2-c-00573|v2-c-00569|v2-c-00572,0.0,0.0,0.0
real-cug-139,我买了无人机，能在学校操场直接飞吗？,doc-14,1.0,1.0,1.0,doc-14|doc-14|doc-14|doc-14|doc-14,v2-c-00592|v2-c-00603|v2-c-00604|v2-c-00597|v2-c-00601,1,校园飞行器使用、审批与安全规则；语境：我买了无人机，能在学校操场直接飞吗？,1.0,1.0,1.0,doc-14|doc-14|doc-14|doc-14|doc-14,v2-c-00592|v2-c-00603|v2-c-00604|v2-c-00597|v2-c-00601,0.0,0.0,0.0
real-cug-140,在校园里飞无人机要向哪个部门申请？,doc-14,1.0,1.0,1.0,doc-14|doc-14|doc-14|doc-14|doc-14,v2-c-00594|v2-c-00597|v2-c-00600|v2-c-00595|v2-c-00598,1,校园飞行器使用、审批与安全规则；语境：在校园里飞无人机要向哪个部门申请？,1.0,1.0,1.0,doc-14|doc-14|doc-14|doc-14|doc-14,v2-c-00594|v2-c-00597|v2-c-00600|v2-c-00595|v2-c-00598,0.0,0.0,0.0
real-cug-142,开车进校园需要办通行权限吗？,doc-19,0.0,0.0,0.0,doc-20|doc-20|doc-20|doc-20|doc-20,v2-c-00764|v2-c-00766|v2-c-00767|v2-c-00768|v2-c-00770,1,查证当前学生问题对应的校方规则与办理依据；语境：开车进校园需要办通行权限吗？,0.0,0.0,0.0,doc-20|doc-20|doc-20|doc-20|doc-20,v2-c-00764|v2-c-00766|v2-c-00767|v2-c-00768|v2-c-00770,0.0,0.0,0.0
real-cug-143,外来车辆进学校一般有哪些限制？,doc-19,1.0,1.0,1.0,doc-19|doc-19|doc-19|doc-19|doc-19,v2-c-00735|v2-c-00738|v2-c-00742|v2-c-00746|v2-c-00750,1,查证当前学生问题对应的校方规则与办理依据；语境：外来车辆进学校一般有哪些限制？,1.0,1.0,1.0,doc-19|doc-19|doc-19|doc-19|doc-19,v2-c-00735|v2-c-00738|v2-c-00742|v2-c-00746|v2-c-00748,0.0,0.0,0.0
real-cug-144,校园里开车超速或者乱停车会怎么处理？,doc-19,0.0,0.0,0.0,doc-17|doc-03|doc-17|doc-03|doc-03,v2-c-00715|v2-c-00191|v2-c-00716|v2-c-00193|v2-c-00194,1,查证当前学生问题对应的校方规则与办理依据；语境：校园里开车超速或者乱停车会怎么处理？,0.0,0.0,0.0,doc-17|doc-03|doc-17|doc-03|doc-20,v2-c-00715|v2-c-00191|v2-c-00716|v2-c-00193|v2-c-00783,0.0,0.0,0.0
real-cug-146,骑电动车不戴头盔会扣分吗？,doc-20,1.0,1.0,0.25,doc-19|doc-19|doc-19|doc-20|doc-20,v2-c-00740|v2-c-00739|v2-c-00738|v2-c-00768|v2-c-00782,1,校园电动自行车通行、充电与记分规则；语境：骑电动车不戴头盔会扣分吗？,1.0,1.0,0.25,doc-19|doc-19|doc-19|doc-20|doc-20,v2-c-00740|v2-c-00739|v2-c-00738|v2-c-00768|v2-c-00782,0.0,0.0,0.0
real-cug-147,电动车违规积分到多少会限制校园通行？,doc-20,1.0,1.0,1.0,doc-20|doc-20|doc-20|doc-20|doc-20,v2-c-00768|v2-c-00765|v2-c-00767|v2-c-00769|v2-c-00784,1,校园电动自行车通行、充电与记分规则；语境：电动车违规积分到多少会限制校园通行？,1.0,1.0,1.0,doc-20|doc-20|doc-20|doc-20|doc-20,v2-c-00768|v2-c-00765|v2-c-00767|v2-c-00769|v2-c-00784,0.0,0.0,0.0
real-cug-151,宿舍人走了空调和灯一直开着，学校节水节电规范怎么要求？,doc-24,1.0,1.0,1.0,doc-24|doc-24|doc-24|doc-24|doc-24,v2-c-00944|v2-c-00943|v2-c-00946|v2-c-00942|v2-c-00947,1,学生宿舍住宿、安全与用电规则；语境：宿舍人走了空调和灯一直开着，学校节水节电规范怎么要求？,1.0,1.0,1.0,doc-24|doc-24|doc-24|doc-24|doc-24,v2-c-00944|v2-c-00943|v2-c-00946|v2-c-00942|v2-c-00947,0.0,0.0,0.0
real-cug-152,洗手间水龙头坏了一直漏水，学生在节水方面应该怎么处理？,doc-24,1.0,1.0,1.0,doc-24|doc-24|doc-24|doc-24|doc-24,v2-c-00947|v2-c-00948|v2-c-00942|v2-c-00944|v2-c-00946,1,查证当前学生问题对应的校方规则与办理依据；语境：洗手间水龙头坏了一直漏水，学生在节水方面应该怎么处理？,1.0,1.0,1.0,doc-24|doc-24|doc-24|doc-24|doc-24,v2-c-00947|v2-c-00948|v2-c-00942|v2-c-00944|v2-c-00946,0.0,0.0,0.0
real-cug-154,学生宿舍发现安全隐患，是找楼管还是有其他上报要求？,doc-12|doc-07,0.5,1.0,1.0,doc-12|doc-12|doc-12|doc-12|doc-12,v2-c-00547|v2-c-00551|v2-c-00540|v2-c-00550|v2-c-00548,2,学生宿舍住宿、安全与用电规则；语境：学生宿舍发现安全隐患，是找楼管还是有其他上报要求？ || 校园学生安全管理与报告规则；语境：学生宿舍发现安全隐患，是找楼管还是有其他上报要求？,0.5,1.0,1.0,doc-12|doc-12|doc-12|doc-12|doc-12,v2-c-00547|v2-c-00551|v2-c-00540|v2-c-00550|v2-c-00548,0.0,0.0,0.0
real-cug-155,电动车和机动车在校园内的管理规则是同一套吗？,doc-19|doc-20,0.5,1.0,1.0,doc-19|doc-19|doc-19|doc-19|doc-19,v2-c-00753|v2-c-00736|v2-c-00735|v2-c-00737|v2-c-00754,2,校园电动自行车通行、充电与记分规则；语境：电动车和机动车在校园内的管理规则是同一套吗？ || 校园机动车通行管理规则；语境：电动车和机动车在校园内的管理规则是同一套吗？,0.5,1.0,1.0,doc-19|doc-19|doc-19|doc-19|doc-19,v2-c-00753|v2-c-00736|v2-c-00735|v2-c-00737|v2-c-00754,0.0,0.0,0.0
real-cug-156,图书馆一次最多能借多少本书？,doc-17,1.0,1.0,1.0,doc-17|doc-17|doc-17|doc-17|doc-17,v2-c-00692|v2-c-00694|v2-c-00699|v2-c-00698|v2-c-00695,1,图书馆借阅、归还与读者规则；语境：图书馆一次最多能借多少本书？,1.0,1.0,1.0,doc-17|doc-17|doc-17|doc-17|doc-17,v2-c-00692|v2-c-00694|v2-c-00699|v2-c-00698|v2-c-00695,0.0,0.0,0.0
real-cug-158,图书证能不能借给室友用？,doc-17,1.0,1.0,1.0,doc-17|doc-17|doc-17|doc-17|doc-17,v2-c-00691|v2-c-00692|v2-c-00693|v2-c-00690|v2-c-00719,1,图书馆借阅、归还与读者规则；语境：图书证能不能借给室友用？,1.0,1.0,1.0,doc-17|doc-17|doc-17|doc-17|doc-17,v2-c-00691|v2-c-00692|v2-c-00693|v2-c-00690|v2-c-00719,0.0,0.0,0.0
real-cug-159,把图书馆的书弄丢了要怎么赔？,doc-17,1.0,1.0,1.0,doc-17|doc-17|doc-17|doc-17|doc-17,v2-c-00692|v2-c-00699|v2-c-00698|v2-c-00711|v2-c-00695,1,图书馆借阅、归还与读者规则；语境：把图书馆的书弄丢了要怎么赔？,1.0,1.0,1.0,doc-17|doc-17|doc-17|doc-17|doc-17,v2-c-00692|v2-c-00699|v2-c-00698|v2-c-00711|v2-c-00695,0.0,0.0,0.0
real-cug-160,在图书馆占座或者大声打电话，读者须知怎么规定？,doc-17,1.0,1.0,1.0,doc-17|doc-17|doc-17|doc-17|doc-17,v2-c-00692|v2-c-00690|v2-c-00691|v2-c-00680|v2-c-00679,1,图书馆借阅、归还与读者规则；语境：在图书馆占座或者大声打电话，读者须知怎么规定？,1.0,1.0,1.0,doc-17|doc-17|doc-17|doc-17|doc-17,v2-c-00692|v2-c-00690|v2-c-00691|v2-c-00680|v2-c-00679,0.0,0.0,0.0
real-cug-162,毕业签了三方以后又想违约，学校就业流程里怎么处理？,doc-16,1.0,1.0,1.0,doc-16|doc-16|doc-16|doc-16|doc-16,v2-c-00650|v2-c-00668|v2-c-00651|v2-c-00675|v2-c-00661,2,毕业、结业与毕业资格规则；语境：毕业签了三方以后又想违约，学校就业流程里怎么处理？ || 学生就业流程、签约与去向登记规则；语境：毕业签了三方以后又想违约，学校就业流程里怎么处理？,1.0,1.0,1.0,doc-16|doc-16|doc-16|doc-16|doc-16,v2-c-00650|v2-c-00668|v2-c-00651|v2-c-00675|v2-c-00661,0.0,0.0,0.0
real-cug-163,拿到offer以后学校就业系统要做哪些手续？,doc-16,1.0,1.0,1.0,doc-16|doc-16|doc-16|doc-16|doc-16,v2-c-00650|v2-c-00649|v2-c-00652|v2-c-00651|v2-c-00648,1,学生就业流程、签约与去向登记规则；语境：拿到offer以后学校就业系统要做哪些手续？,1.0,1.0,1.0,doc-16|doc-16|doc-16|doc-16|doc-16,v2-c-00650|v2-c-00649|v2-c-00652|v2-c-00651|v2-c-00648,0.0,0.0,0.0
real-cug-164,毕业生就业协议书丢了能补办吗？,doc-16,1.0,1.0,1.0,doc-16|doc-16|doc-16|doc-16|doc-16,v2-c-00663|v2-c-00671|v2-c-00668|v2-c-00651|v2-c-00674,2,毕业、结业与毕业资格规则；语境：毕业生就业协议书丢了能补办吗？ || 学生就业流程、签约与去向登记规则；语境：毕业生就业协议书丢了能补办吗？,1.0,1.0,1.0,doc-16|doc-16|doc-16|doc-16|doc-16,v2-c-00663|v2-c-00671|v2-c-00668|v2-c-00651|v2-c-00674,0.0,0.0,0.0
real-cug-166,毕业以后档案一般会寄到哪里？,doc-21,1.0,1.0,1.0,doc-21|doc-21|doc-21|doc-21|doc-21,v2-c-00803|v2-c-00804|v2-c-00795|v2-c-00805|v2-c-00793,2,毕业、结业与毕业资格规则；语境：毕业以后档案一般会寄到哪里？ || 学生人事档案转递与管理规则；语境：毕业以后档案一般会寄到哪里？,1.0,1.0,1.0,doc-21|doc-21|doc-21|doc-21|doc-21,v2-c-00803|v2-c-00804|v2-c-00795|v2-c-00805|v2-c-00793,0.0,0.0,0.0
real-cug-167,我想查自己学生档案里的材料，可以直接本人查看吗？,doc-21,1.0,1.0,1.0,doc-21|doc-21|doc-21|doc-21|doc-21,v2-c-00798|v2-c-00803|v2-c-00805|v2-c-00796|v2-c-00815,1,学生人事档案转递与管理规则；语境：我想查自己学生档案里的材料，可以直接本人查看吗？,1.0,1.0,1.0,doc-21|doc-21|doc-21|doc-21|doc-21,v2-c-00798|v2-c-00803|v2-c-00805|v2-c-00796|v2-c-00815,0.0,0.0,0.0
real-cug-168,档案里有材料写错了，能不能自己拿出来修改？,doc-21,1.0,1.0,1.0,doc-21|doc-21|doc-21|doc-21|doc-21,v2-c-00812|v2-c-00796|v2-c-00793|v2-c-00815|v2-c-00800,1,学生人事档案转递与管理规则；语境：档案里有材料写错了，能不能自己拿出来修改？,1.0,1.0,1.0,doc-21|doc-21|doc-21|doc-21|doc-21,v2-c-00812|v2-c-00796|v2-c-00793|v2-c-00815|v2-c-00800,0.0,0.0,0.0
real-cug-170,参加大学生科技活动拿了奖，学校有没有对应奖励或认定？,doc-44|doc-37,0.5,1.0,1.0,doc-44|doc-44|doc-44|doc-44|doc-44,v2-c-01338|v2-c-01351|v2-c-01350|v2-c-01357|v2-c-01339,1,大学生科技活动认定与奖励规则；语境：参加大学生科技活动拿了奖，学校有没有对应奖励或认定？,0.5,1.0,1.0,doc-44|doc-44|doc-44|doc-44|doc-44,v2-c-01338|v2-c-01351|v2-c-01350|v2-c-01357|v2-c-01339,0.0,0.0,0.0
real-cug-171,大学生科技论文报告会主要是什么活动？,doc-44,1.0,1.0,1.0,doc-44|doc-44|doc-44|doc-44|doc-44,v2-c-01349|v2-c-01340|v2-c-01350|v2-c-01346|v2-c-01342,1,查证当前学生问题对应的校方规则与办理依据；语境：大学生科技论文报告会主要是什么活动？,1.0,1.0,1.0,doc-44|doc-44|doc-44|doc-44|doc-44,v2-c-01349|v2-c-01340|v2-c-01350|v2-c-01346|v2-c-01342,0.0,0.0,0.0
real-cug-172,参加学科竞赛的成果在学校科技活动里怎么认定？,doc-44,1.0,1.0,1.0,doc-44|doc-44|doc-44|doc-44|doc-44,v2-c-01351|v2-c-01350|v2-c-01353|v2-c-01349|v2-c-01338,1,大学生科技活动认定与奖励规则；语境：参加学科竞赛的成果在学校科技活动里怎么认定？,1.0,1.0,1.0,doc-44|doc-44|doc-44|doc-44|doc-44,v2-c-01351|v2-c-01350|v2-c-01353|v2-c-01349|v2-c-01338,0.0,0.0,0.0
real-cug-174,暑假自己找单位做社会实践，能不能算学校社会实践成果？,doc-45,1.0,1.0,1.0,doc-45|doc-45|doc-45|doc-45|doc-45,v2-c-01373|v2-c-01370|v2-c-01366|v2-c-01369|v2-c-01375,1,大学生社会实践活动与认定规则；语境：暑假自己找单位做社会实践，能不能算学校社会实践成果？,1.0,1.0,1.0,doc-45|doc-45|doc-45|doc-45|doc-45,v2-c-01373|v2-c-01370|v2-c-01366|v2-c-01369|v2-c-01375,0.0,0.0,0.0
real-cug-175,社会实践评优一般看哪些条件？,doc-45,1.0,1.0,1.0,doc-45|doc-45|doc-45|doc-45|doc-45,v2-c-01373|v2-c-01366|v2-c-01374|v2-c-01375|v2-c-01370,1,大学生社会实践活动与认定规则；语境：社会实践评优一般看哪些条件？,1.0,1.0,1.0,doc-45|doc-45|doc-45|doc-45|doc-45,v2-c-01373|v2-c-01366|v2-c-01374|v2-c-01375|v2-c-01370,0.0,0.0,0.0
real-cug-176,我想自己成立一个学生社团，要满足什么条件？,doc-46,1.0,1.0,1.0,doc-46|doc-46|doc-46|doc-46|doc-46,v2-c-01406|v2-c-01394|v2-c-01396|v2-c-01405|v2-c-01404,1,学生社团活动审批与管理规则；语境：我想自己成立一个学生社团，要满足什么条件？,1.0,1.0,1.0,doc-46|doc-46|doc-46|doc-46|doc-46,v2-c-01406|v2-c-01394|v2-c-01396|v2-c-01405|v2-c-01404,0.0,0.0,0.0
real-cug-178,社团想在校内办大型活动，需要走什么审批流程？,doc-46|doc-07,0.5,1.0,1.0,doc-46|doc-46|doc-46|doc-46|doc-46,v2-c-01403|v2-c-01401|v2-c-01407|v2-c-01406|v2-c-01391,1,学生社团活动审批与管理规则；语境：社团想在校内办大型活动，需要走什么审批流程？,0.5,1.0,1.0,doc-46|doc-46|doc-46|doc-46|doc-46,v2-c-01403|v2-c-01401|v2-c-01407|v2-c-01406|v2-c-01391,0.0,0.0,0.0
real-cug-179,志愿服务时长怎么认定，自己参加校外志愿活动也算吗？,doc-47,1.0,1.0,1.0,doc-47|doc-47|doc-47|doc-47|doc-47,v2-c-01425|v2-c-01420|v2-c-01426|v2-c-01427|v2-c-01428,1,志愿服务时长认定与相关规则；语境：志愿服务时长怎么认定，自己参加校外志愿活动也算吗？,1.0,1.0,1.0,doc-47|doc-47|doc-47|doc-47|doc-47,v2-c-01425|v2-c-01420|v2-c-01426|v2-c-01427|v2-c-01428,0.0,0.0,0.0
real-cug-180,志愿服务记录有错误，应该怎么申请更正？,doc-47,1.0,1.0,1.0,doc-47|doc-47|doc-47|doc-47|doc-47,v2-c-01426|v2-c-01425|v2-c-01427|v2-c-01421|v2-c-01428,1,志愿服务时长认定与相关规则；语境：志愿服务记录有错误，应该怎么申请更正？,1.0,1.0,1.0,doc-47|doc-47|doc-47|doc-47|doc-47,v2-c-01426|v2-c-01425|v2-c-01427|v2-c-01421|v2-c-01428,0.0,0.0,0.0
real-cug-182,参加校外音乐会或者艺术展，能不能认定美育实践学时？,doc-48,1.0,1.0,1.0,doc-48|doc-48|doc-48|doc-48|doc-48,v2-c-01437|v2-c-01439|v2-c-01447|v2-c-01444|v2-c-01441,1,美育实践活动学时认定规则；语境：参加校外音乐会或者艺术展，能不能认定美育实践学时？,1.0,1.0,1.0,doc-48|doc-48|doc-48|doc-48|doc-48,v2-c-01437|v2-c-01439|v2-c-01447|v2-c-01444|v2-c-01441,0.0,0.0,0.0
real-cug-183,美育实践学时不够会影响毕业吗？,doc-48|doc-04,0.5,1.0,1.0,doc-48|doc-48|doc-48|doc-48|doc-48,v2-c-01454|v2-c-01437|v2-c-01439|v2-c-01449|v2-c-01455,2,毕业、结业与毕业资格规则；语境：美育实践学时不够会影响毕业吗？ || 美育实践活动学时认定规则；语境：美育实践学时不够会影响毕业吗？,0.5,1.0,1.0,doc-48|doc-48|doc-48|doc-48|doc-48,v2-c-01454|v2-c-01437|v2-c-01439|v2-c-01449|v2-c-01455,0.0,0.0,0.0
real-cug-184,我想找学校心理咨询、医保、就业这些服务的电话和地点，手册里有汇总吗？,doc-49,1.0,1.0,1.0,doc-49|doc-49|doc-49|doc-49|doc-49,v2-c-01475|v2-c-01474|v2-c-01476|v2-c-01485|v2-c-01473,2,学生就业流程、签约与去向登记规则；语境：我想找学校心理咨询、医保、就业这些服务的电话和地点，手册里有汇总吗？ || 大学生医保参保、门诊住院与报销规则；语境：我想找学校心理咨询、医保、就业这些服务的电话和地点，手册里有汇总吗？,1.0,1.0,1.0,doc-49|doc-49|doc-49|doc-49|doc-49,v2-c-01475|v2-c-01474|v2-c-01476|v2-c-01485|v2-c-01473,0.0,0.0,0.0
real-cug-186,我家庭经济困难，已经拿了国家奖学金，这学期又准备因病休学，国家助学金还能不能拿，复学后怎么办？,doc-28|doc-33|doc-04,0.6666666666666666,1.0,1.0,doc-33|doc-28|doc-33|doc-33|doc-33,v2-c-01176|v2-c-01005|v2-c-01182|v2-c-01184|v2-c-01181,3,国家奖学金资格、兼得与评审规则；语境：我家庭经济困难，已经拿了国家奖学金，这学期又准备因病休学，国家助学金还能不能拿， || 国家助学金资格、发放与兼得规则；语境：家庭经济困难，已经拿了国家奖学金，这学期又准备因病休学，国家助学金还能不能拿，复学后怎么办？ || 家庭经济困难学生认定规则；语境：我家庭经济困难，已经拿了国家奖学金，这学期又准备因病休学，,0.6666666666666666,1.0,1.0,doc-33|doc-28|doc-33|doc-33|doc-33,v2-c-01176|v2-c-01005|v2-c-01182|v2-c-01184|v2-c-01181,0.0,0.0,0.0
real-cug-187,我考试时带手机被认定违纪，如果学校给处分，我不认可的话后续怎么申诉？,doc-09|doc-08|doc-15,0.3333333333333333,1.0,1.0,doc-08|doc-08|doc-08|doc-08|doc-08,v2-c-00435|v2-c-00472|v2-c-00469|v2-c-00463|v2-c-00470,3,课程考核纪律与考试违规认定规则；语境：我考试时带手机被认定违纪，如果学校给处分，我不认可的话后续 || 学生纪律处分、影响与处理规则；语境：我考试时带手机被认定违纪，如果学校给处分，我不认可的话后续怎么申诉？ || 学生处分申诉与复核流程；语境：我考试时带手机被认定违纪，如果学校给处分，我不认可的话后续怎么申诉？,0.3333333333333333,1.0,1.0,doc-08|doc-08|doc-08|doc-08|doc-08,v2-c-00435|v2-c-00472|v2-c-00469|v2-c-00463|v2-c-00470,0.0,0.0,0.0
real-cug-188,我因为生病缺考了，之前也请了假，这门课应该申请缓考还是后面重修？,doc-11|doc-06,0.5,1.0,1.0,doc-06|doc-06|doc-06|doc-06|doc-06,v2-c-00298|v2-c-00296|v2-c-00297|v2-c-00332|v2-c-00326,3,课程重修规则；语境：因为生病缺考了，之前也请了假，这门课应该申请缓考还是后面重修？ || 缓考申请、条件与成绩处理规则；语境：我因为生病缺考了，之前也请了假，这门课应该申请缓考还是后面重修？ || 缺考、旷考与课程考核处理规则；语境：我因为生病缺考了，之前也请了假，这门课应该申请缓考还是后面重修？,0.5,1.0,1.0,doc-06|doc-06|doc-06|doc-06|doc-06,v2-c-00298|v2-c-00296|v2-c-00297|v2-c-00332|v2-c-00331,0.0,0.0,0.0
real-cug-190,我毕业去基层工作，同时还有助学贷款，学费补偿和贷款代偿是怎么衔接的？,doc-40|doc-41,0.5,1.0,1.0,doc-41|doc-41|doc-41|doc-41|doc-41,v2-c-01300|v2-c-01306|v2-c-01313|v2-c-01310|v2-c-01302,3,助学贷款申请、还款或代偿规则；语境：我毕业去基层工作，同时还有助学贷款，学费补偿和贷款代偿是怎么衔接的？ || 基层就业学费补偿与助学贷款代偿规则；语境：我毕业去基层工作，同时还有助学贷款，学费补偿和贷款代偿是怎么衔接 || 毕业、结业与毕业资格规则；语境：我毕业去基层工作，同时还有助学贷款，学费补偿和贷款代偿是怎,0.5,1.0,1.0,doc-41|doc-41|doc-41|doc-41|doc-41,v2-c-01300|v2-c-01306|v2-c-01313|v2-c-01310|v2-c-01302,0.0,0.0,0.0
real-cug-191,我在宿舍给电动车电池充电被查到了，这既违反宿舍规定还是电动车规定，会不会有纪律处分？,doc-12|doc-20|doc-08,0.6666666666666666,1.0,1.0,doc-12|doc-08|doc-08|doc-08|doc-08,v2-c-00558|v2-c-00446|v2-c-00445|v2-c-00469|v2-c-00476,3,学生纪律处分、影响与处理规则；语境：池充电被查到了，这既违反宿舍规定还是电动车规定，会不会有纪律处分？ || 学生宿舍住宿、安全与用电规则；语境：我在宿舍给电动车电池充电被查到了，这既违反宿舍规定还是电动车 || 校园电动自行车通行、充电与记分规则；语境：我在宿舍给电动车电池充电被查到了，这既违反宿舍规定还是电动车规定，,0.6666666666666666,1.0,1.0,doc-12|doc-08|doc-08|doc-08|doc-08,v2-c-00558|v2-c-00446|v2-c-00445|v2-c-00469|v2-c-00476,0.0,0.0,0.0
real-cug-192,大四了，体测没过而且还有一门必修课没修完，这两件事分别会不会影响毕业？,doc-18|doc-06|doc-04,0.6666666666666666,1.0,1.0,doc-18|doc-04|doc-18|doc-27|doc-39,v2-c-00726|v2-c-00256|v2-c-00731|v2-c-00991|v2-c-01281,2,毕业、结业与毕业资格规则；语境：体测没过而且还有一门必修课没修完，这两件事分别会不会影响毕业？ || 学生体质健康测试、免测与毕业相关规则；语境：大四了，体测没过而且还有一门必修课没修完，这两件事分别会不会影响,0.6666666666666666,1.0,1.0,doc-18|doc-04|doc-18|doc-27|doc-03,v2-c-00726|v2-c-00256|v2-c-00731|v2-c-00991|v2-c-00180,0.0,0.0,0.0
real-cug-194,我家庭经济困难又得了重大疾病，除了国家助学金还能不能申请临时困难补助或者疾病救助？,doc-33|doc-35|doc-36,0.3333333333333333,1.0,1.0,doc-35|doc-35|doc-35|doc-35|doc-35,v2-c-01222|v2-c-01219|v2-c-01218|v2-c-01221|v2-c-01220,3,国家助学金资格、发放与兼得规则；语境：我家庭经济困难又得了重大疾病，除了国家助学金还能不能申请临时困难补助或者疾病救助？ || 家庭经济困难学生认定规则；语境：我家庭经济困难又得了重大疾病，除了国家助学金还能不能申请临 || 临时困难补助申请规则；语境：我家庭经济困难又得了重大疾病，除了国家助学金还能不能申请临时困难补助或者疾病救助？,0.3333333333333333,1.0,1.0,doc-35|doc-35|doc-35|doc-35|doc-35,v2-c-01222|v2-c-01219|v2-c-01218|v2-c-01221|v2-c-01220,0.0,0.0,0.0
real-cug-195,我被处分以后还想申请优秀学生和国家奖学金，这会不会受影响？,doc-08|doc-38|doc-28,0.3333333333333333,1.0,1.0,doc-28|doc-28|doc-28|doc-28|doc-28,v2-c-01005|v2-c-01004|v2-c-01000|v2-c-01001|v2-c-01009,2,国家奖学金资格、兼得与评审规则；语境：我被处分以后还想申请优秀学生和国家奖学金，这会不会受影响？ || 学生纪律处分、影响与处理规则；语境：我被处分以后还想申请优秀学生和国家奖学金，这会不会受影响？,0.3333333333333333,1.0,1.0,doc-28|doc-28|doc-28|doc-28|doc-28,v2-c-01005|v2-c-01004|v2-c-01000|v2-c-01001|v2-c-01009,0.0,0.0,0.0
real-cug-196,我在外地实习期间生病住院，同时错过了体测，医保报销和体测补测分别怎么处理？,doc-23|doc-22|doc-18,0.3333333333333333,1.0,0.3333333333333333,doc-16|doc-16|doc-23|doc-23|doc-23,v2-c-00652|v2-c-00653|v2-c-00877|v2-c-00872|v2-c-00870,3,学生就业流程、签约与去向登记规则；语境：我在外地实习期间生病住院，同时错过了体测，医保报销和体测补测分别 || 大学生医保参保、门诊住院与报销规则；语境：我在外地实习期间生病住院，同时错过了体测，医保报销和体测补测分别怎么处理？ || 学生体质健康测试、免测与毕业相关规则；语境：我在外地实习期间生病住院，同时错过了体测，医保报销和体测补测分别怎么处理？,0.3333333333333333,1.0,0.3333333333333333,doc-16|doc-16|doc-23|doc-23|doc-23,v2-c-00652|v2-c-00653|v2-c-00877|v2-c-00872|v2-c-00873,0.0,0.0,0.0
real-cug-198,我拿了国家励志奖学金，还想申请国家助学金和社会助学金，这几种资助能不能同时拿？,doc-29|doc-33|doc-34,0.6666666666666666,1.0,1.0,doc-33|doc-29|doc-29|doc-28|doc-29,v2-c-01181|v2-c-01015|v2-c-01021|v2-c-01005|v2-c-01020,3,国家励志奖学金资格与兼得规则；语境：我拿了国家励志奖学金，还想申请国家助学金和社会助学金，这几种资 || 国家助学金资格、发放与兼得规则；语境：我拿了国家励志奖学金，还想申请国家助学金和社会助学金，这几种资助能不能同时拿？ || 社会助学金申请与兼得规则；语境：我拿了国家励志奖学金，还想申请国家助学金和社会助学金，这几种资助能不能同时拿？,0.6666666666666666,1.0,1.0,doc-33|doc-29|doc-29|doc-28|doc-29,v2-c-01181|v2-c-01015|v2-c-01021|v2-c-01005|v2-c-01020,0.0,0.0,0.0
real-cug-199,我休学期间在校外参加志愿服务，复学后这段志愿时长能不能认定？,doc-04|doc-47,0.5,1.0,1.0,doc-47|doc-47|doc-47|doc-47|doc-47,v2-c-01412|v2-c-01416|v2-c-01413|v2-c-01414|v2-c-01417,3,休学条件、学籍状态与相关待遇规则；语境：我休学期间在校外参加志愿服务，复学后这段志愿时长能不能认定 || 复学与恢复学籍规则；语境：我休学期间在校外参加志愿服务，复学后这段志愿时长能不能认定？ || 志愿服务时长认定与相关规则；语境：我休学期间在校外参加志愿服务，复学后这段志愿时长能不能认定？,0.5,1.0,1.0,doc-47|doc-47|doc-47|doc-47|doc-47,v2-c-01412|v2-c-01416|v2-c-01413|v2-c-01414|v2-c-01430,0.0,0.0,0.0
